ITEM,VENDOR,STATUS
3480381,21018,Y
3232249,21018,Y
3232250,21018,Y
3444798,12532,Y
3444807,12532,Y
3524070,20734,N
3524071,20734,Y
3524072,20734,Y
3510697,20734,Y
3510698,20734,Y
3510699,20734,Y
3510700,20734,Y
3455948,17666,Y
3515394,20812,Y
3515395,20812,Y
3530862,20812,N
3519042,20812,Y
3519043,20812,Y
3519044,20812,Y
3519045,20812,Y
3525167,20812,Y
3454990,17638,Y
3454991,17638,Y
3454992,17638,Y
3454993,17638,Y
3444795,15512,Y
3278389,16701,Y
3278390,16701,Y
3493826,17639,Y
3454994,17639,Y
3454995,17639,Y
3454996,17639,Y
3454997,17639,Y
3503267,17639,Y
3488561,17259,Y
3488562,17259,Y
3488563,17259,Y
3440951,17259,Y
3440952,17259,Y
3440953,17259,Y
3440955,17259,Y
3341297,19939,Y
3341298,19939,Y
3442900,19939,Y
3459106,19939,Y
3341299,19939,Y
3005069,11266,Y
3005070,11266,Y
3054454,11266,Y
3295195,19028,Y
3295196,19028,Y
3295197,19028,Y
3295198,19028,Y
3295199,19028,Y
3295200,19028,Y
3390935,19028,Y
3387857,19028,N
3427995,11119,Y
3427998,11119,Y
3102394,11119,Y
3102395,11119,Y
3348492,11119,Y
3453969,11119,Y
3489128,11119,Y
3143098,11119,Y
3492416,11119,N
3512339,11119,Y
3521651,11119,N
3521652,11119,Y
3110011,11119,Y
3110012,11119,Y
3460189,11119,Y
3224617,11119,Y
3524202,11119,Y
3150386,11119,Y
3365210,11119,Y
3365211,11119,Y
3276842,11119,Y
3276843,11119,Y
3318852,11119,Y
3361960,11119,Y
3352990,11119,Y
3337528,11119,Y
3400708,11119,Y
3545693,11119,N
3201689,11119,Y
3205668,11119,Y
3199550,11119,Y
3495684,11119,Y
3502829,11119,Y
3317725,10023,Y
3416065,10023,Y
3416066,10023,Y
3416071,10023,Y
3005073,10023,Y
3005075,10023,Y
3005077,10023,Y
3295355,10023,Y
3258064,10023,Y
3489126,10023,Y
3524289,10023,Y
3356234,10023,Y
3192836,10023,Y
3286741,10023,Y
3532867,10023,Y
3536326,10023,Y
3126487,10023,Y
3282731,10023,Y
3467853,10023,Y
3214107,10023,Y
3216135,10023,Y
3377186,10023,Y
3401492,10023,Y
3401493,10023,Y
3401494,10023,Y
3290133,10023,Y
3290134,10023,Y
3345933,10023,Y
3229501,10023,Y
3231570,10023,Y
3503221,10023,Y
3507730,20846,Y
3507731,20846,Y
3284188,20846,Y
3284196,20846,Y
3368786,20846,Y
3496755,20846,Y
3496756,20846,Y
3225551,20846,Y
3253189,20846,Y
3441648,20846,Y
3138983,20846,Y
3431913,20846,Y
3431914,20846,Y
3431961,20846,Y
3430767,20846,Y
3430768,20846,Y
3430769,20846,Y
3431039,20846,Y
3431040,20846,Y
3003245,20846,Y
3003246,20846,Y
3003356,20846,Y
3003358,20846,Y
3003359,20846,Y
3003360,20846,Y
3003368,20846,Y
3003369,20846,Y
3003383,20846,Y
3003388,20846,Y
3003389,20846,Y
3003392,20846,Y
3003424,20846,Y
3003425,20846,Y
3500252,20846,Y
3530120,20846,N
3530121,20846,N
3530295,20846,N
3255354,20846,Y
3312942,20846,Y
3446824,20846,Y
3533269,20846,Y
3533840,20846,Y
3437747,20846,Y
3450830,20846,Y
3466390,20846,Y
3298228,20846,N
3447980,20846,Y
3334803,20944,Y
3334806,20944,Y
3158922,20944,Y
3278393,20944,Y
3278394,20944,Y
3365055,20944,Y
3442428,12320,N
3442429,12320,N
3442481,12320,Y
3493351,12320,N
3493352,12320,N
3481810,12320,Y
3440244,12320,Y
3440249,12320,Y
3440252,12320,Y
3468909,12320,Y
3413710,12320,Y
3413711,12320,Y
3413712,12320,Y
3451265,12320,Y
3422157,12320,Y
3422161,12320,Y
3416680,20142,Y
3416681,20142,Y
3430952,20142,Y
3433445,20142,Y
3175364,20142,Y
3113220,20142,Y
3113222,20142,Y
3103653,15348,Y
3103654,15348,N
3054535,15348,N
3097779,15348,Y
3325998,15348,Y
3084503,15348,Y
3084504,15348,Y
3509078,15348,N
3284683,19219,Y
3479885,19219,N
3495074,19219,N
3373113,19219,Y
3529243,19219,Y
3529244,19219,Y
3529245,19219,Y
3529246,19219,N
3529247,19219,N
3529248,19219,Y
3530491,19219,Y
3360436,19219,N
3384346,19219,Y
3384347,19219,Y
3352387,19219,Y
3538108,19219,Y
3408152,19219,Y
3173260,11841,Y
3040978,11841,Y
3040979,11841,Y
3040982,11841,Y
3040983,11841,Y
3040988,11841,Y
3063378,12015,N
3004519,12015,Y
3004551,12015,Y
3050100,14337,Y
3054513,14337,Y
3054515,14337,Y
3054516,14337,N
3054518,14337,N
3054519,14337,Y
3054520,14337,Y
3244892,14337,Y
3387928,12547,Y
3432384,12547,Y
3432386,12547,Y
3494751,12547,Y
3403158,12547,Y
3403160,12547,Y
3403162,12547,Y
3217598,12547,Y
3199340,12547,Y
3199341,12547,Y
3199342,12547,Y
3518223,15208,N
3543335,15208,N
3550808,15208,Y
3541465,15208,N
3541466,15208,N
3518675,15208,Y
3518676,15208,N
3536487,15208,N
3528752,15208,Y
3554236,15208,Y
3501372,15208,Y
3538419,15208,Y
3557777,15208,N
3534601,15208,N
3533694,15208,N
3533695,15208,N
3493423,15208,N
3493424,15208,N
3538906,15208,N
3538907,15208,N
3506580,15208,Y
3531392,15208,Y
3523140,15208,Y
3523141,15208,N
3496126,15208,Y
3496127,15208,Y
3528748,15208,N
3528749,15208,Y
3528750,15208,Y
3535085,15208,N
3537737,15208,N
3550806,15208,N
3534020,15208,N
3535084,15208,N
3535608,15208,N
3536484,15208,Y
3536485,15208,Y
3536486,15208,Y
3518674,15208,Y
3518677,15208,N
3557778,15208,Y
3543334,15208,Y
3504123,15208,Y
3504124,15208,N
3537715,15208,Y
3538420,15208,Y
3538908,15208,Y
3541467,15208,N
3477798,18833,N
3477799,18833,N
3477800,18833,N
3473447,18833,N
3190990,11777,Y
3190991,11777,Y
3430483,11777,Y
3430484,11777,Y
3430485,11777,N
3217698,11777,N
3397927,11011,Y
3444794,11011,N
3392119,11011,Y
3392121,11011,N
3455946,11011,Y
3426542,12995,Y
3426543,12995,Y
3520312,20888,Y
3520313,20888,Y
3540798,20888,Y
3055281,10985,N
3055284,10985,Y
3055286,10985,N
3055287,10985,Y
3055288,10985,Y
3055289,10985,Y
3055291,10985,Y
3062359,10985,Y
3103381,10985,Y
3103382,10985,Y
3311633,10985,Y
3371132,10985,Y
3055280,12989,Y
3012794,12989,Y
3253175,12989,Y
3382457,12989,N
3487366,12989,N
3223203,12989,Y
3307987,12989,Y
3246587,12989,N
3300069,12989,Y
3383606,13468,Y
3383607,13468,Y
3383608,13468,Y
3383609,13468,Y
3494100,13468,N
3494101,13468,N
3494102,13468,Y
3494103,13468,N
3430008,16964,Y
3430009,16964,Y
3430010,16964,N
3348369,16964,Y
3542949,16964,Y
3542950,16964,Y
3318296,16964,Y
3475382,16964,N
3475383,16964,Y
3475665,16964,N
3348367,16964,Y
3348368,16964,Y
3430007,16964,Y
3497612,16964,N
3357483,16964,N
3327143,16964,Y
3327144,16964,N
3350607,16964,N
3350608,16964,N
3449943,16964,Y
3449947,16964,Y
3387567,16964,Y
3387568,16964,Y
3387569,16964,Y
3440906,16964,N
3374925,16964,Y
3374926,16964,Y
3374927,16964,Y
3372352,16964,N
3433469,16964,Y
3311748,16964,Y
3364612,16964,N
3406659,16964,Y
3352971,16964,Y
3352974,16964,Y
3378042,16964,N
3336962,16964,N
3336963,16964,N
3542948,16964,Y
3542951,16964,Y
3298487,16964,Y
3298488,16964,Y
3298489,16964,Y
3343026,16964,N
3343029,16964,N
3343030,16964,N
3343031,16964,Y
3344291,16964,Y
3101964,13979,Y
3101976,13979,Y
3102010,13979,Y
3181800,13979,Y
3436535,11773,Y
3507857,11773,N
3507858,11773,N
3517501,11773,Y
3517622,11773,Y
3554245,11773,N
3550852,11773,N
3554248,11773,N
3552977,11773,N
3547927,11773,N
3552978,11773,N
3552976,11773,N
3554249,11773,N
3554247,11773,Y
3550848,11773,N
3550850,11773,N
3519234,11773,Y
3404156,11773,Y
3507586,11773,Y
3437855,11773,Y
3437856,11773,Y
3438238,11773,Y
3519560,11773,Y
3519561,11773,Y
3509230,11773,N
3509231,11773,N
3509233,11773,Y
3509234,11773,Y
3509236,11773,Y
3283554,11773,Y
3368148,11773,N
3368149,11773,N
3368150,11773,Y
3368151,11773,Y
3476194,11773,Y
3476195,11773,Y
3476196,11773,Y
3476198,11773,Y
3476199,11773,Y
3476200,11773,Y
3476201,11773,N
3476202,11773,Y
3543870,11773,Y
3544246,11773,Y
3218628,11773,Y
3517621,11773,N
3541545,11773,Y
3557783,11773,Y
3557782,11773,Y
3554246,11773,Y
3448562,11773,N
3448564,11773,Y
3419927,11773,Y
3385771,11773,Y
3520753,11773,Y
3295021,11773,N
3295023,11773,N
3412002,11773,N
3403438,11773,Y
3459960,11773,Y
3556029,11773,Y
3490336,11773,Y
3055152,11773,Y
3055153,11773,Y
3055154,11773,Y
3055204,11773,Y
3260451,11773,Y
3260454,11773,Y
3314547,11773,Y
3382940,11773,Y
3382941,11773,Y
3031987,11773,Y
3031988,11773,Y
3031989,11773,Y
3032106,11773,Y
3457912,11773,N
3457913,11773,N
3457914,11773,Y
3457915,11773,Y
3279756,11773,Y
3279757,11773,Y
3325237,11773,Y
3444318,11773,Y
3389078,11773,Y
3493317,11773,N
3493318,11773,N
3390753,11773,N
3390754,11773,Y
3390755,11773,Y
3422584,11773,Y
3392947,11773,Y
3555039,11773,Y
3134265,11773,Y
3479552,11773,Y
3434401,11773,Y
3434402,11773,Y
3434403,11773,Y
3434405,11773,N
3515856,11773,Y
3419926,11773,Y
3523181,11773,Y
3523363,11773,Y
3523364,11773,Y
3523365,11773,Y
3521071,11773,Y
3521072,11773,N
3521073,11773,N
3521074,11773,N
3480412,11773,Y
3480413,11773,N
3480422,11773,Y
3403272,11773,Y
3404154,11773,Y
3414888,11773,N
3508978,11773,N
3487359,11773,N
3487361,11773,N
3487363,11773,N
3487364,11773,N
3487674,11773,Y
3288346,11773,Y
3459152,11773,N
3513945,11773,N
3513947,11773,Y
3513972,11773,N
3524413,11773,N
3524414,11773,N
3524415,11773,N
3524416,11773,N
3312777,11773,N
3312779,11773,N
3312780,11773,Y
3458930,11773,Y
3446423,11773,N
3446427,11773,N
3081035,11773,Y
3556424,11773,N
3556030,11773,N
3392948,11773,Y
3392949,11773,Y
3392951,11773,Y
3455364,11773,N
3406717,11773,Y
3406719,11773,Y
3406721,11773,Y
3406723,11773,Y
3507585,11773,Y
3419604,11773,Y
3422258,11773,Y
3422250,11773,Y
3519233,11773,Y
3392950,11773,N
3517502,11773,Y
3390756,11773,Y
3476197,11773,Y
3011823,11773,N
3509235,11773,N
3438240,11773,N
3436536,11773,N
3434404,11773,N
3552975,11773,N
3368152,11773,Y
3548188,11773,Y
3548189,11773,Y
3548191,11773,Y
3555041,11773,Y
3448563,11773,Y
3555042,11773,N
3546767,11773,N
3555040,11773,N
3503276,11773,N
3503277,11773,N
3419131,11773,N
3422582,11773,Y
3490338,11773,Y
3312781,11773,N
3342478,11773,Y
3065101,11773,Y
3065131,11773,Y
3533214,11773,Y
3533215,11773,N
3535595,11773,Y
3535596,11773,Y
3536397,11773,Y
3536398,11773,Y
3536399,11773,Y
3536400,11773,N
3168725,11773,N
3168726,11773,N
3168727,11773,Y
3168728,11773,N
3168729,11773,N
3168730,11773,N
3168732,11773,N
3490335,11773,Y
3490337,11773,Y
3518681,11773,N
3518682,11773,N
3518688,11773,N
3519231,11773,Y
3519232,11773,Y
3450259,11773,N
3450271,11773,N
3362388,11773,N
3011821,11773,Y
3011822,11773,Y
3012259,11773,Y
3012260,11773,Y
3012311,11773,Y
3281313,11773,Y
3281318,11773,Y
3281320,11773,N
3281321,11773,N
3281511,11773,Y
3282933,11773,N
3328714,11773,Y
3509253,11773,Y
3460722,11773,Y
3460723,11773,N
3400317,11773,N
3400318,11773,N
3400319,11773,N
3413586,11773,Y
3422249,11773,Y
3422251,11773,Y
3422252,11773,Y
3422259,11773,Y
3422473,11773,Y
3422474,11773,N
3422581,11773,Y
3422583,11773,Y
3543871,11773,N
3543872,11773,Y
3300070,11773,Y
3300071,11773,Y
3342477,11773,N
3342479,11773,N
3344279,11773,N
3544249,11773,Y
3545124,11773,N
3546388,11773,N
3546389,11773,Y
3546390,11773,Y
3546391,11773,Y
3547498,11773,Y
3547499,11773,Y
3547500,11773,Y
3547501,11773,Y
3548190,11773,Y
3409368,11773,Y
3409369,11773,Y
3419129,11773,Y
3419602,11773,Y
3419603,11773,Y
3419605,11773,Y
3538565,11773,N
3538566,11773,N
3538567,11773,Y
3538568,11773,Y
3538569,11773,Y
3538570,11773,Y
3538571,11773,Y
3541385,11773,Y
3541386,11773,Y
3541387,11773,Y
3541388,11773,Y
3541389,11773,Y
3541390,11773,Y
3541391,11773,Y
3541392,11773,Y
3541546,11773,Y
3541547,11773,Y
3541924,11773,Y
3541939,11773,N
3541940,11773,N
3541941,11773,N
3407767,11773,N
