STT,ITEM,VENDOR,DESCR,TINH TRANG,STATUS
1,3436535,11773,110-CTy CP SX Nhua Duy Tan,,Y
2,3507730,20846,111-Cty Co Phan Tap Doan KIDO ,,Y
3,3507731,20846,111-Cty Co Phan Tap Doan KIDO ,,Y
4,3507857,11773,110-CTy CP SX Nhua Duy Tan,X,N
5,3507858,11773,110-CTy CP SX Nhua Duy Tan,X,N
6,3517119,15506,111-Cty Bot giat LIX-NR,,Y
7,3517120,15506,111-Cty Bot giat LIX-NR,,Y
8,3517121,15506,111-Cty Bot giat LIX-NR,,Y
9,3517501,11773,110-CTy CP SX Nhua Duy Tan,X,N
10,3517622,11773,110-CTy CP SX Nhua Duy Tan,,Y
11,3518223,15208,100-CN CT CP GiaDung GOLDSUN(TP.HN),X,N
12,3554245,11773,110-CTy CP SX Nhua Duy Tan,X,N
13,3550852,11773,110-CTy CP SX Nhua Duy Tan,,Y
14,3430008,16964,100-CTy TNHH Tan Hop Thanh,X,N
15,3430009,16964,100-CTy TNHH Tan Hop Thanh,X,N
16,3430010,16964,100-CTy TNHH Tan Hop Thanh,X,N
17,3554248,11773,110-CTy CP SX Nhua Duy Tan,X,N
18,3543335,15208,100-CN CT CP GiaDung GOLDSUN(TP.HN),X,N
19,3552977,11773,110-CTy CP SX Nhua Duy Tan,X,N
20,3348369,16964,100-CTy TNHH Tan Hop Thanh,X,N
21,3550808,15208,100-CN CT CP GiaDung GOLDSUN(TP.HN),X,N
22,3547927,11773,110-CTy CP SX Nhua Duy Tan,,Y
23,3463102,15790,110-CTy CP HMP My Hao,X,N
24,3541465,15208,100-CN CT CP GiaDung GOLDSUN(TP.HN),X,N
25,3541466,15208,100-CN CT CP GiaDung GOLDSUN(TP.HN),X,N
26,3552978,11773,110-CTy CP SX Nhua Duy Tan,X,N
27,3552976,11773,110-CTy CP SX Nhua Duy Tan,X,N
28,3541459,15800,110-Cty TNHH 1TV Tri Hoi,x,N
29,3541460,15800,110-Cty TNHH 1TV Tri Hoi,x,N
30,3422431,16506,110-CTyTNHHSXTMDVDaiPhuocThanh-NR,,Y
31,3518675,15208,100-CN CT CP GiaDung GOLDSUN(TP.HN),X,N
32,3518676,15208,100-CN CT CP GiaDung GOLDSUN(TP.HN),X,N
33,3554249,11773,110-CTy CP SX Nhua Duy Tan,X,N
34,3513556,20779,111-CTyTNHH WILMAR MARKETING CLV-HP,x,N
35,3554247,11773,110-CTy CP SX Nhua Duy Tan,X,N
36,3536487,15208,100-CN CT CP GiaDung GOLDSUN(TP.HN),X,N
37,3528752,15208,100-CN CT CP GiaDung GOLDSUN(TP.HN),X,N
38,3515339,17733,100-CTY TNHH SX& XD TMDVXNK VINA-NR,,Y
39,3196366,15800,110-Cty TNHH 1TV Tri Hoi,x,N
40,3196367,15800,110-Cty TNHH 1TV Tri Hoi,x,N
41,3550848,11773,110-CTy CP SX Nhua Duy Tan,X,N
42,3550850,11773,110-CTy CP SX Nhua Duy Tan,X,N
43,3542949,16964,100-CTy TNHH Tan Hop Thanh,X,N
44,3542950,16964,100-CTy TNHH Tan Hop Thanh,X,N
45,3519234,11773,110-CTy CP SX Nhua Duy Tan,,Y
46,3404156,11773,110-CTy CP SX Nhua Duy Tan,x,N
47,3507586,11773,110-CTy CP SX Nhua Duy Tan,x,N
48,3554236,15208,100-CN CT CP GiaDung GOLDSUN(TP.HN),x,N
49,3426542,12995,100-CTy CP CB Go Duc Thanh-NR,,Y
50,3426543,12995,100-CTy CP CB Go Duc Thanh-NR,,Y
51,3427995,11119,110-Cty TNHH Lotte Viet Nam,,Y
52,3427998,11119,110-Cty TNHH Lotte Viet Nam,,Y
53,3437855,11773,110-CTy CP SX Nhua Duy Tan,x,N
54,3437856,11773,110-CTy CP SX Nhua Duy Tan,x,N
55,3438238,11773,110-CTy CP SX Nhua Duy Tan,x,N
56,3519560,11773,110-CTy CP SX Nhua Duy Tan,,Y
57,3519561,11773,110-CTy CP SX Nhua Duy Tan,x,N
58,3520312,20888,100-Cty CP SX TM Nhua Hoang Chau-NR,,Y
59,3520313,20888,100-Cty CP SX TM Nhua Hoang Chau-NR,,Y
60,3493826,17639,100-Cty TNHH Eikodo Viet Nam-NR,,Y
61,3055280,12989,100-CTY TNHH SAMRAN,x,N
62,3055281,10985,100-Cty TM&PT Cong Nghe Kolend,x,N
63,3055284,10985,100-Cty TM&PT Cong Nghe Kolend,x,N
64,3055286,10985,100-Cty TM&PT Cong Nghe Kolend,x,N
65,3055287,10985,100-Cty TM&PT Cong Nghe Kolend,x,N
66,3055288,10985,100-Cty TM&PT Cong Nghe Kolend,x,N
67,3055289,10985,100-Cty TM&PT Cong Nghe Kolend,x,N
68,3055291,10985,100-Cty TM&PT Cong Nghe Kolend,x,N
69,3062359,10985,100-Cty TM&PT Cong Nghe Kolend,x,N
70,3063378,12015,130-CTY TNHH TM&CBTP Tien Du,,Y
71,3317725,10023,111-Cty Ajinomoto Bien Hoa ,,Y
72,3318296,16964,100-CTy TNHH Tan Hop Thanh,x,N
73,3190990,11777,100-CT CP Nhua Rang Dong Long An-NR,,Y
74,3190991,11777,100-CT CP Nhua Rang Dong Long An-NR,,Y
75,3416065,10023,111-Cty Ajinomoto Bien Hoa ,,Y
76,3416066,10023,111-Cty Ajinomoto Bien Hoa ,,Y
77,3416071,10023,111-Cty Ajinomoto Bien Hoa ,,Y
78,3416680,20142,111-Cty TNHH Wilmar Mar.CLV-Sua ,,Y
79,3416681,20142,111-Cty TNHH Wilmar Mar.CLV-Sua ,,Y
80,3501372,15208,100-CN CT CP GiaDung GOLDSUN(TP.HN),x,N
81,3501639,20484,100-CTYCP DUOC PHAM&SINH HOC YTE-NR,,Y
82,3501640,20484,100-CTYCP DUOC PHAM&SINH HOC YTE-NR,x,N
83,3501641,20484,100-CTYCP DUOC PHAM&SINH HOC YTE-NR,,Y
84,3509230,11773,110-CTy CP SX Nhua Duy Tan,x,N
85,3509231,11773,110-CTy CP SX Nhua Duy Tan,x,N
86,3509233,11773,110-CTy CP SX Nhua Duy Tan,x,N
87,3509234,11773,110-CTy CP SX Nhua Duy Tan,,Y
88,3509236,11773,110-CTy CP SX Nhua Duy Tan,,Y
89,3101964,13979,100-CTy TNHH Thuong Mai L.H,x,N
90,3101976,13979,100-CTy TNHH Thuong Mai L.H,x,N
91,3102010,13979,100-CTy TNHH Thuong Mai L.H,x,N
92,3102394,11119,110-Cty TNHH Lotte Viet Nam,,Y
93,3102395,11119,110-Cty TNHH Lotte Viet Nam,,Y
94,3103381,10985,100-Cty TM&PT Cong Nghe Kolend,x,N
95,3103382,10985,100-Cty TM&PT Cong Nghe Kolend,x,N
96,3103653,15348,130-CTY CP SX Tra Hung Phat,,Y
97,3103654,15348,130-CTY CP SX Tra Hung Phat,,Y
98,3283554,11773,110-CTy CP SX Nhua Duy Tan,,Y
99,3284188,20846,111-Cty Co Phan Tap Doan KIDO ,,Y
100,3284196,20846,111-Cty Co Phan Tap Doan KIDO ,,Y
101,3329700,16506,110-CTyTNHHSXTMDVDaiPhuocThanh-NR,,Y
102,3368148,11773,110-CTy CP SX Nhua Duy Tan,x,N
103,3368149,11773,110-CTy CP SX Nhua Duy Tan,x,N
104,3368150,11773,110-CTy CP SX Nhua Duy Tan,x,N
105,3368151,11773,110-CTy CP SX Nhua Duy Tan,x,N
106,3368786,20846,111-Cty Co Phan Tap Doan KIDO ,,Y
107,3475382,16964,100-CTy TNHH Tan Hop Thanh,x,N
108,3475383,16964,100-CTy TNHH Tan Hop Thanh,x,N
109,3475665,16964,100-CTy TNHH Tan Hop Thanh,x,N
110,3476194,11773,110-CTy CP SX Nhua Duy Tan,,Y
111,3476195,11773,110-CTy CP SX Nhua Duy Tan,x,N
112,3476196,11773,110-CTy CP SX Nhua Duy Tan,x,N
113,3476198,11773,110-CTy CP SX Nhua Duy Tan,,Y
114,3476199,11773,110-CTy CP SX Nhua Duy Tan,,Y
115,3476200,11773,110-CTy CP SX Nhua Duy Tan,x,N
116,3476201,11773,110-CTy CP SX Nhua Duy Tan,x,N
117,3476202,11773,110-CTy CP SX Nhua Duy Tan,x,N
118,3538419,15208,100-CN CT CP GiaDung GOLDSUN(TP.HN),x,N
119,3543870,11773,110-CTy CP SX Nhua Duy Tan,x,N
120,3544246,11773,110-CTy CP SX Nhua Duy Tan,x,N
121,3218628,11773,110-CTy CP SX Nhua Duy Tan,x,N
122,3517621,11773,110-CTy CP SX Nhua Duy Tan,x,N
123,3541545,11773,110-CTy CP SX Nhua Duy Tan,x,N
124,3557777,15208,100-CN CT CP GiaDung GOLDSUN(TP.HN),x,N
125,3557783,11773,110-CTy CP SX Nhua Duy Tan,x,N
126,3545292,16760,110-Cua Hang Hue Lam,x,N
127,3557782,11773,110-CTy CP SX Nhua Duy Tan,x,N
128,3554246,11773,110-CTy CP SX Nhua Duy Tan,x,N
129,3534601,15208,100-CN CT CP GiaDung GOLDSUN(TP.HN),x,N
130,3348367,16964,100-CTy TNHH Tan Hop Thanh,x,N
131,3348368,16964,100-CTy TNHH Tan Hop Thanh,x,N
132,3348492,11119,110-Cty TNHH Lotte Viet Nam,,Y
133,3448562,11773,110-CTy CP SX Nhua Duy Tan,,Y
134,3448564,11773,110-CTy CP SX Nhua Duy Tan,x,N
135,3419927,11773,110-CTy CP SX Nhua Duy Tan,x,N
136,3496755,20846,111-Cty Co Phan Tap Doan KIDO ,,Y
137,3496756,20846,111-Cty Co Phan Tap Doan KIDO ,,Y
138,3132145,15790,110-CTy CP HMP My Hao,x,N
139,3132228,15790,110-CTy CP HMP My Hao,x,N
140,3173260,11841,130-Cty TNHH Saigon Ve Wong,,Y
141,3385771,11773,110-CTy CP SX Nhua Duy Tan,,Y
142,3386499,15506,111-Cty Bot giat LIX-NR,,Y
143,3386500,15506,111-Cty Bot giat LIX-NR,,Y
144,3386501,15506,111-Cty Bot giat LIX-NR,,Y
145,3386502,15506,111-Cty Bot giat LIX-NR,,Y
146,3386503,15506,111-Cty Bot giat LIX-NR,,Y
147,3386504,15506,111-Cty Bot giat LIX-NR,,Y
148,3386505,15506,111-Cty Bot giat LIX-NR,,Y
149,3386506,15506,111-Cty Bot giat LIX-NR,,Y
150,3386507,15506,111-Cty Bot giat LIX-NR,,Y
151,3386508,15506,111-Cty Bot giat LIX-NR,,Y
152,3386509,15506,111-Cty Bot giat LIX-NR,,Y
153,3491227,15506,111-Cty Bot giat LIX-NR,,Y
154,3491953,15800,110-Cty TNHH 1TV Tri Hoi,x,N
155,3008485,12483,110-Cty TNHH SXTM TyTy(HMP),x,N
156,3430007,16964,100-CTy TNHH Tan Hop Thanh,x,N
157,3520753,11773,110-CTy CP SX Nhua Duy Tan,x,N
158,3005069,11266,110-Cty CP Tap Doan Muoi Mien Nam,,Y
159,3005070,11266,110-Cty CP Tap Doan Muoi Mien Nam,,Y
160,3005073,10023,111-Cty Ajinomoto Bien Hoa ,,Y
161,3005075,10023,111-Cty Ajinomoto Bien Hoa ,,Y
162,3005077,10023,111-Cty Ajinomoto Bien Hoa ,,Y
163,3225551,20846,111-Cty Co Phan Tap Doan KIDO ,,Y
164,3295021,11773,110-CTy CP SX Nhua Duy Tan,x,N
165,3295023,11773,110-CTy CP SX Nhua Duy Tan,x,N
166,3295195,19028,110-Cty CP Vinamit-NR,,Y
167,3295196,19028,110-Cty CP Vinamit-NR,,Y
168,3295197,19028,110-Cty CP Vinamit-NR,,Y
169,3295198,19028,110-Cty CP Vinamit-NR,,Y
170,3295199,19028,110-Cty CP Vinamit-NR,,Y
171,3295200,19028,110-Cty CP Vinamit-NR,,Y
172,3295355,10023,111-Cty Ajinomoto Bien Hoa ,,Y
173,3295614,15506,111-Cty Bot giat LIX-NR,,Y
174,3341297,19939,100-Cty TNHH Muoi Thanh Phat-NR,,Y
175,3341298,19939,100-Cty TNHH Muoi Thanh Phat-NR,,Y
176,3453969,11119,110-Cty TNHH Lotte Viet Nam,,Y
177,3412002,11773,110-CTy CP SX Nhua Duy Tan,x,N
178,3497612,16964,100-CTy TNHH Tan Hop Thanh,x,N
179,3497823,15506,111-Cty Bot giat LIX-NR,,Y
180,3505767,19219,130-Cty TNHH Nabati Viet Nam,,Y
181,3403438,11773,110-CTy CP SX Nhua Duy Tan,,Y
182,3533694,15208,100-CN CT CP GiaDung GOLDSUN(TP.HN),x,N
183,3533695,15208,100-CN CT CP GiaDung GOLDSUN(TP.HN),x,N
184,3372479,16506,110-CTyTNHHSXTMDVDaiPhuocThanh-NR,,Y
185,3459960,11773,110-CTy CP SX Nhua Duy Tan,,Y
186,3556029,11773,110-CTy CP SX Nhua Duy Tan,,Y
187,3490336,11773,110-CTy CP SX Nhua Duy Tan,x,N
188,3050100,14337,130-Cty TNHH VINH TIEN,,Y
189,3054454,11266,110-Cty CP Tap Doan Muoi Mien Nam,,Y
190,3054513,14337,130-Cty TNHH VINH TIEN,,Y
191,3054515,14337,130-Cty TNHH VINH TIEN,,Y
192,3054516,14337,130-Cty TNHH VINH TIEN,,Y
193,3054518,14337,130-Cty TNHH VINH TIEN,,Y
194,3054519,14337,130-Cty TNHH VINH TIEN,,Y
195,3054520,14337,130-Cty TNHH VINH TIEN,,Y
196,3054535,15348,130-CTY CP SX Tra Hung Phat,,Y
197,3054635,15790,110-CTy CP HMP My Hao,x,N
198,3054651,12483,110-Cty TNHH SXTM TyTy(HMP),x,N
199,3055152,11773,110-CTy CP SX Nhua Duy Tan,,Y
200,3055153,11773,110-CTy CP SX Nhua Duy Tan,,Y
201,3055154,11773,110-CTy CP SX Nhua Duy Tan,,Y
202,3055204,11773,110-CTy CP SX Nhua Duy Tan,,Y
203,3257943,16760,110-Cua Hang Hue Lam,,Y
204,3257947,16760,110-Cua Hang Hue Lam,,Y
205,3257948,16760,110-Cua Hang Hue Lam,,Y
206,3258064,10023,111-Cty Ajinomoto Bien Hoa ,,Y
207,3260451,11773,110-CTy CP SX Nhua Duy Tan,x,N
208,3260454,11773,110-CTy CP SX Nhua Duy Tan,x,N
209,3314153,15506,111-Cty Bot giat LIX-NR,,Y
210,3314154,15506,111-Cty Bot giat LIX-NR,,Y
211,3314547,11773,110-CTy CP SX Nhua Duy Tan,,Y
212,3357483,16964,100-CTy TNHH Tan Hop Thanh,x,N
213,3097779,15348,130-CTY CP SX Tra Hung Phat,,Y
214,3327143,16964,100-CTy TNHH Tan Hop Thanh,x,N
215,3327144,16964,100-CTy TNHH Tan Hop Thanh,x,N
216,3123559,12483,110-Cty TNHH SXTM TyTy(HMP),x,N
217,3382940,11773,110-CTy CP SX Nhua Duy Tan,x,N
218,3382941,11773,110-CTy CP SX Nhua Duy Tan,x,N
219,3383606,13468,100-CTY TNHH SAMRAN-NR,,Y
220,3383607,13468,100-CTY TNHH SAMRAN-NR,,Y
221,3383608,13468,100-CTY TNHH SAMRAN-NR,,Y
222,3383609,13468,100-CTY TNHH SAMRAN-NR,,Y
223,3397927,11011,100-CT TNHH SX Do Gia DungElmich-NR,,Y
224,3488561,17259,100-Cty TNHH Le Trung Thien-NR,,Y
225,3488562,17259,100-Cty TNHH Le Trung Thien-NR,,Y
226,3488563,17259,100-Cty TNHH Le Trung Thien-NR,,Y
227,3489126,10023,111-Cty Ajinomoto Bien Hoa ,,Y
228,3489128,11119,110-Cty TNHH Lotte Viet Nam,,Y
229,3012794,12989,100-CTY TNHH SAMRAN,x,N
230,3031987,11773,110-CTy CP SX Nhua Duy Tan,,Y
231,3031988,11773,110-CTy CP SX Nhua Duy Tan,,Y
232,3031989,11773,110-CTy CP SX Nhua Duy Tan,,Y
233,3032106,11773,110-CTy CP SX Nhua Duy Tan,,Y
234,3250058,15506,111-Cty Bot giat LIX-NR,,Y
235,3250059,15506,111-Cty Bot giat LIX-NR,,Y
236,3253175,12989,100-CTY TNHH SAMRAN,x,N
237,3253189,20846,111-Cty Co Phan Tap Doan KIDO ,,Y
238,3284516,15506,111-Cty Bot giat LIX-NR,,Y
239,3284683,19219,130-Cty TNHH Nabati Viet Nam,,Y
240,3285331,15800,110-Cty TNHH 1TV Tri Hoi,x,N
241,3457912,11773,110-CTy CP SX Nhua Duy Tan,x,N
242,3457913,11773,110-CTy CP SX Nhua Duy Tan,x,N
243,3457914,11773,110-CTy CP SX Nhua Duy Tan,x,N
244,3457915,11773,110-CTy CP SX Nhua Duy Tan,x,N
245,3008472,14653,110-DNTN Dai Phat,,Y
246,3008478,12483,110-Cty TNHH SXTM TyTy(HMP),x,N
247,3008479,12483,110-Cty TNHH SXTM TyTy(HMP),x,N
248,3008481,12483,110-Cty TNHH SXTM TyTy(HMP),x,N
249,3008482,12483,110-Cty TNHH SXTM TyTy(HMP),x,N
250,3008486,12483,110-Cty TNHH SXTM TyTy(HMP),x,N
251,3008490,12483,110-Cty TNHH SXTM TyTy(HMP),x,N
252,3279756,11773,110-CTy CP SX Nhua Duy Tan,,Y
253,3279757,11773,110-CTy CP SX Nhua Duy Tan,,Y
254,3325237,11773,110-CTy CP SX Nhua Duy Tan,x,N
255,3325998,15348,130-CTY CP SX Tra Hung Phat,,Y
256,3441648,20846,111-Cty Co Phan Tap Doan KIDO ,,Y
257,3442428,12320,111-Cty TNHH MTV TNI,,Y
258,3442429,12320,111-Cty TNHH MTV TNI,,Y
259,3442481,12320,111-Cty TNHH MTV TNI,,Y
260,3442900,19939,100-Cty TNHH Muoi Thanh Phat-NR,,Y
261,3444318,11773,110-CTy CP SX Nhua Duy Tan,,Y
262,3444794,11011,100-CT TNHH SX Do Gia DungElmich-NR,,Y
263,3444795,15512,100-Cty CP Uniben-NR,,Y
264,3444798,12532,100-Cty CP CNTP Luong Gia-NR,,Y
265,3444807,12532,100-Cty CP CNTP Luong Gia-NR,,Y
266,3350607,16964,100-CTy TNHH Tan Hop Thanh,x,N
267,3350608,16964,100-CTy TNHH Tan Hop Thanh,x,N
268,3449108,16506,110-CTyTNHHSXTMDVDaiPhuocThanh-NR,,Y
269,3449943,16964,100-CTy TNHH Tan Hop Thanh,x,N
270,3138983,20846,111-Cty Co Phan Tap Doan KIDO ,,Y
271,3140316,14530,110-Co so Nguyen Van Sau,x,N
272,3143098,11119,110-Cty TNHH Lotte Viet Nam,,Y
273,3181800,13979,100-CTy TNHH Thuong Mai L.H,x,N
274,3389078,11773,110-CTy CP SX Nhua Duy Tan,x,N
275,3493317,11773,110-CTy CP SX Nhua Duy Tan,x,N
276,3493318,11773,110-CTy CP SX Nhua Duy Tan,x,N
277,3493351,12320,111-Cty TNHH MTV TNI,,Y
278,3493352,12320,111-Cty TNHH MTV TNI,,Y
279,3493423,15208,100-CN CT CP GiaDung GOLDSUN(TP.HN),x,N
280,3493424,15208,100-CN CT CP GiaDung GOLDSUN(TP.HN),x,N
281,3390753,11773,110-CTy CP SX Nhua Duy Tan,x,N
282,3390754,11773,110-CTy CP SX Nhua Duy Tan,x,N
283,3390755,11773,110-CTy CP SX Nhua Duy Tan,,Y
284,3390935,19028,110-Cty CP Vinamit-NR,,Y
285,3390942,15790,110-CTy CP HMP My Hao,x,N
286,3390945,15790,110-CTy CP HMP My Hao,x,N
287,3481810,12320,111-Cty TNHH MTV TNI,,Y
288,3493891,16506,110-CTyTNHHSXTMDVDaiPhuocThanh-NR,,Y
289,3493892,16506,110-CTyTNHHSXTMDVDaiPhuocThanh-NR,,Y
290,3494100,13468,100-CTY TNHH SAMRAN-NR,,Y
291,3494101,13468,100-CTY TNHH SAMRAN-NR,x,N
292,3494102,13468,100-CTY TNHH SAMRAN-NR,x,N
293,3494103,13468,100-CTY TNHH SAMRAN-NR,,Y
294,3525066,21076,110-Cong Ty TNHH SALACOS -NR,,Y
295,3422584,11773,110-CTy CP SX Nhua Duy Tan,,Y
296,3392947,11773,110-CTy CP SX Nhua Duy Tan,x,N
297,3538906,15208,100-CN CT CP GiaDung GOLDSUN(TP.HN),x,N
298,3538907,15208,100-CN CT CP GiaDung GOLDSUN(TP.HN),x,N
299,3282741,16760,110-Cua Hang Hue Lam,,Y
300,3449947,16964,100-CTy TNHH Tan Hop Thanh,,Y
301,3555039,11773,110-CTy CP SX Nhua Duy Tan,,Y
302,3535758,21076,110-Cong Ty TNHH SALACOS -NR,,Y
303,3134265,11773,110-CTy CP SX Nhua Duy Tan,x,N
304,3137587,15790,110-CTy CP HMP My Hao,x,N
305,3137588,15790,110-CTy CP HMP My Hao,x,N
306,3137589,15790,110-CTy CP HMP My Hao,x,N
307,3387567,16964,100-CTy TNHH Tan Hop Thanh,x,N
308,3387568,16964,100-CTy TNHH Tan Hop Thanh,x,N
309,3387569,16964,100-CTy TNHH Tan Hop Thanh,x,N
310,3387857,19028,110-Cty CP Vinamit-NR,,Y
311,3387928,12547,131-Cty CP Uniben,,Y
312,3479552,11773,110-CTy CP SX Nhua Duy Tan,x,N
313,3479885,19219,130-Cty TNHH Nabati Viet Nam,,Y
314,3492416,11119,110-Cty TNHH Lotte Viet Nam,,Y
315,3434401,11773,110-CTy CP SX Nhua Duy Tan,x,N
316,3434402,11773,110-CTy CP SX Nhua Duy Tan,x,N
317,3434403,11773,110-CTy CP SX Nhua Duy Tan,,Y
318,3434405,11773,110-CTy CP SX Nhua Duy Tan,x,N
319,3506580,15208,100-CN CT CP GiaDung GOLDSUN(TP.HN),x,N
320,3515340,17733,100-CTY TNHH SX& XD TMDVXNK VINA-NR,x,N
321,3515341,17733,100-CTY TNHH SX& XD TMDVXNK VINA-NR,,Y
322,3515342,17733,100-CTY TNHH SX& XD TMDVXNK VINA-NR,,Y
323,3515343,17733,100-CTY TNHH SX& XD TMDVXNK VINA-NR,x,N
324,3515394,20812,100-Cty CP TP ThNhien King Green-NR,,Y
325,3515395,20812,100-Cty CP TP ThNhien King Green-NR,,Y
326,3515856,11773,110-CTy CP SX Nhua Duy Tan,x,N
327,3531392,15208,100-CN CT CP GiaDung GOLDSUN(TP.HN),x,N
328,3419926,11773,110-CTy CP SX Nhua Duy Tan,,Y
329,3431913,20846,111-Cty Co Phan Tap Doan KIDO ,,Y
330,3431914,20846,111-Cty Co Phan Tap Doan KIDO ,,Y
331,3431961,20846,111-Cty Co Phan Tap Doan KIDO ,,Y
332,3432384,12547,131-Cty CP Uniben,,Y
333,3432386,12547,131-Cty CP Uniben,,Y
334,3513552,20779,111-CTyTNHH WILMAR MARKETING CLV-HP,x,N
335,3513553,20779,111-CTyTNHH WILMAR MARKETING CLV-HP,x,N
336,3513554,20779,111-CTyTNHH WILMAR MARKETING CLV-HP,x,N
337,3513555,20779,111-CTyTNHH WILMAR MARKETING CLV-HP,x,N
338,3523140,15208,100-CN CT CP GiaDung GOLDSUN(TP.HN),x,N
339,3523141,15208,100-CN CT CP GiaDung GOLDSUN(TP.HN),x,N
340,3523181,11773,110-CTy CP SX Nhua Duy Tan,,Y
341,3523363,11773,110-CTy CP SX Nhua Duy Tan,x,N
342,3523364,11773,110-CTy CP SX Nhua Duy Tan,x,N
343,3523365,11773,110-CTy CP SX Nhua Duy Tan,x,N
344,3430483,11777,100-CT CP Nhua Rang Dong Long An-NR,,Y
345,3430484,11777,100-CT CP Nhua Rang Dong Long An-NR,,Y
346,3430485,11777,100-CT CP Nhua Rang Dong Long An-NR,,Y
347,3430767,20846,111-Cty Co Phan Tap Doan KIDO ,,Y
348,3430768,20846,111-Cty Co Phan Tap Doan KIDO ,,Y
349,3430769,20846,111-Cty Co Phan Tap Doan KIDO ,,Y
350,3430952,20142,111-Cty TNHH Wilmar Mar.CLV-Sua ,,Y
351,3431039,20846,111-Cty Co Phan Tap Doan KIDO ,,Y
352,3431040,20846,111-Cty Co Phan Tap Doan KIDO ,,Y
353,3440244,12320,111-Cty TNHH MTV TNI,,Y
354,3440249,12320,111-Cty TNHH MTV TNI,,Y
355,3440252,12320,111-Cty TNHH MTV TNI,,Y
356,3440906,16964,100-CTy TNHH Tan Hop Thanh,x,N
357,3440951,17259,100-Cty TNHH Le Trung Thien-NR,,Y
358,3440952,17259,100-Cty TNHH Le Trung Thien-NR,,Y
359,3440953,17259,100-Cty TNHH Le Trung Thien-NR,,Y
360,3440955,17259,100-Cty TNHH Le Trung Thien-NR,,Y
361,3512339,11119,110-Cty TNHH Lotte Viet Nam,,Y
362,3521071,11773,110-CTy CP SX Nhua Duy Tan,x,N
363,3521072,11773,110-CTy CP SX Nhua Duy Tan,x,N
364,3521073,11773,110-CTy CP SX Nhua Duy Tan,x,N
365,3521074,11773,110-CTy CP SX Nhua Duy Tan,,Y
366,3521129,20484,100-CTYCP DUOC PHAM&SINH HOC YTE-NR,,Y
367,3521130,20484,100-CTYCP DUOC PHAM&SINH HOC YTE-NR,,Y
368,3521131,17733,100-CTY TNHH SX& XD TMDVXNK VINA-NR,,Y
369,3521651,11119,110-Cty TNHH Lotte Viet Nam,,Y
370,3521652,11119,110-Cty TNHH Lotte Viet Nam,,Y
371,3003245,20846,111-Cty Co Phan Tap Doan KIDO ,,Y
372,3003246,20846,111-Cty Co Phan Tap Doan KIDO ,,Y
373,3003356,20846,111-Cty Co Phan Tap Doan KIDO ,,Y
374,3003358,20846,111-Cty Co Phan Tap Doan KIDO ,,Y
375,3003359,20846,111-Cty Co Phan Tap Doan KIDO ,,Y
376,3003360,20846,111-Cty Co Phan Tap Doan KIDO ,,Y
377,3003368,20846,111-Cty Co Phan Tap Doan KIDO ,,Y
378,3003369,20846,111-Cty Co Phan Tap Doan KIDO ,,Y
379,3003383,20846,111-Cty Co Phan Tap Doan KIDO ,,Y
380,3003388,20846,111-Cty Co Phan Tap Doan KIDO ,,Y
381,3003389,20846,111-Cty Co Phan Tap Doan KIDO ,,Y
382,3003392,20846,111-Cty Co Phan Tap Doan KIDO ,,Y
383,3003424,20846,111-Cty Co Phan Tap Doan KIDO ,,Y
384,3003425,20846,111-Cty Co Phan Tap Doan KIDO ,,Y
385,3314078,16760,110-Cua Hang Hue Lam,x,N
386,3314147,15506,111-Cty Bot giat LIX-NR,,Y
387,3452209,15506,111-Cty Bot giat LIX-NR,,Y
388,3452211,17559,110-CONG TY TNHH NTPM(VIET NAM)-NR,,Y
389,3452217,17559,110-CONG TY TNHH NTPM(VIET NAM)-NR,,Y
390,3452218,17559,110-CONG TY TNHH NTPM(VIET NAM)-NR,,Y
391,3452220,17559,110-CONG TY TNHH NTPM(VIET NAM)-NR,,Y
392,3452222,17559,110-CONG TY TNHH NTPM(VIET NAM)-NR,,Y
393,3452223,17559,110-CONG TY TNHH NTPM(VIET NAM)-NR,,Y
394,3110011,11119,110-Cty TNHH Lotte Viet Nam,,Y
395,3110012,11119,110-Cty TNHH Lotte Viet Nam,,Y
396,3334803,20944,111-Cty TNHH Luong Thuc Angimex-NR,,Y
397,3334806,20944,111-Cty TNHH Luong Thuc Angimex-NR,,Y
398,3374925,16964,100-CTy TNHH Tan Hop Thanh,x,N
399,3374926,16964,100-CTy TNHH Tan Hop Thanh,x,N
400,3374927,16964,100-CTy TNHH Tan Hop Thanh,x,N
401,3460189,11119,110-Cty TNHH Lotte Viet Nam,,Y
402,3480381,21018,100-Congty CP Phuc Long Heritage-NR,,Y
403,3480412,11773,110-CTy CP SX Nhua Duy Tan,,Y
404,3480413,11773,110-CTy CP SX Nhua Duy Tan,x,N
405,3480422,11773,110-CTy CP SX Nhua Duy Tan,,Y
406,3184818,15506,111-Cty Bot giat LIX-NR,,Y
407,3184823,15506,111-Cty Bot giat LIX-NR,,Y
408,3184824,15506,111-Cty Bot giat LIX-NR,,Y
409,3403272,11773,110-CTy CP SX Nhua Duy Tan,x,N
410,3404154,11773,110-CTy CP SX Nhua Duy Tan,x,N
411,3414888,11773,110-CTy CP SX Nhua Duy Tan,x,N
412,3500252,20846,111-Cty Co Phan Tap Doan KIDO ,,Y
413,3500596,17559,110-CONG TY TNHH NTPM(VIET NAM)-NR,,Y
414,3508978,11773,110-CTy CP SX Nhua Duy Tan,x,N
415,3158922,20944,111-Cty TNHH Luong Thuc Angimex-NR,,Y
416,3160021,15506,111-Cty Bot giat LIX-NR,,Y
417,3160022,15506,111-Cty Bot giat LIX-NR,,Y
418,3160023,15506,111-Cty Bot giat LIX-NR,,Y
419,3160024,15506,111-Cty Bot giat LIX-NR,,Y
420,3382457,12989,100-CTY TNHH SAMRAN,x,N
421,3487359,11773,110-CTy CP SX Nhua Duy Tan,x,N
422,3487361,11773,110-CTy CP SX Nhua Duy Tan,,Y
423,3487363,11773,110-CTy CP SX Nhua Duy Tan,x,N
424,3487364,11773,110-CTy CP SX Nhua Duy Tan,x,N
425,3487366,12989,100-CTY TNHH SAMRAN,x,N
426,3487674,11773,110-CTy CP SX Nhua Duy Tan,x,N
427,3496126,15208,100-CN CT CP GiaDung GOLDSUN(TP.HN),x,N
428,3496127,15208,100-CN CT CP GiaDung GOLDSUN(TP.HN),x,N
429,3004519,12015,130-CTY TNHH TM&CBTP Tien Du,,Y
430,3004551,12015,130-CTY TNHH TM&CBTP Tien Du,,Y
431,3223203,12989,100-CTY TNHH SAMRAN,x,N
432,3224617,11119,110-Cty TNHH Lotte Viet Nam,,Y
433,3495074,19219,130-Cty TNHH Nabati Viet Nam,,Y
434,3288046,15800,110-Cty TNHH 1TV Tri Hoi,x,N
435,3288346,11773,110-CTy CP SX Nhua Duy Tan,,Y
436,3333828,15506,111-Cty Bot giat LIX-NR,,Y
437,3333830,15506,111-Cty Bot giat LIX-NR,,Y
438,3333833,15506,111-Cty Bot giat LIX-NR,,Y
439,3333834,15506,111-Cty Bot giat LIX-NR,,Y
440,3333835,15506,111-Cty Bot giat LIX-NR,,Y
441,3372212,15506,111-Cty Bot giat LIX-NR,,Y
442,3372213,15506,111-Cty Bot giat LIX-NR,,Y
443,3372214,15506,111-Cty Bot giat LIX-NR,,Y
444,3372352,16964,100-CTy TNHH Tan Hop Thanh,x,N
445,3372481,16506,110-CTyTNHHSXTMDVDaiPhuocThanh-NR,,Y
446,3373113,19219,130-Cty TNHH Nabati Viet Nam,,Y
447,3459152,11773,110-CTy CP SX Nhua Duy Tan,x,N
448,3528748,15208,100-CN CT CP GiaDung GOLDSUN(TP.HN),x,N
449,3528749,15208,100-CN CT CP GiaDung GOLDSUN(TP.HN),x,N
450,3528750,15208,100-CN CT CP GiaDung GOLDSUN(TP.HN),x,N
451,3529243,19219,130-Cty TNHH Nabati Viet Nam,,Y
452,3529244,19219,130-Cty TNHH Nabati Viet Nam,,Y
453,3529245,19219,130-Cty TNHH Nabati Viet Nam,,Y
454,3529246,19219,130-Cty TNHH Nabati Viet Nam,,Y
455,3529247,19219,130-Cty TNHH Nabati Viet Nam,,Y
456,3529248,19219,130-Cty TNHH Nabati Viet Nam,,Y
457,3530120,20846,111-Cty Co Phan Tap Doan KIDO ,,Y
458,3530121,20846,111-Cty Co Phan Tap Doan KIDO ,,Y
459,3530295,20846,111-Cty Co Phan Tap Doan KIDO ,,Y
460,3530491,19219,130-Cty TNHH Nabati Viet Nam,,Y
461,3530731,21076,110-Cong Ty TNHH SALACOS -NR,,Y
462,3530732,21076,110-Cong Ty TNHH SALACOS -NR,,Y
463,3530733,21076,110-Cong Ty TNHH SALACOS -NR,,Y
464,3530734,21076,110-Cong Ty TNHH SALACOS -NR,,Y
465,3530862,20812,100-Cty CP TP ThNhien King Green-NR,,Y
466,3433445,20142,111-Cty TNHH Wilmar Mar.CLV-Sua ,,Y
467,3433469,16964,100-CTy TNHH Tan Hop Thanh,x,N
468,3513945,11773,110-CTy CP SX Nhua Duy Tan,x,N
469,3513947,11773,110-CTy CP SX Nhua Duy Tan,x,N
470,3513972,11773,110-CTy CP SX Nhua Duy Tan,x,N
471,3523764,17559,110-CONG TY TNHH NTPM(VIET NAM)-NR,,Y
472,3523765,17559,110-CONG TY TNHH NTPM(VIET NAM)-NR,,Y
473,3523766,17559,110-CONG TY TNHH NTPM(VIET NAM)-NR,,Y
474,3524070,20734,100-Cty CP Dau Tu Hai Thien Minh-NR,,Y
475,3524071,20734,100-Cty CP Dau Tu Hai Thien Minh-NR,,Y
476,3524072,20734,100-Cty CP Dau Tu Hai Thien Minh-NR,,Y
477,3524202,11119,110-Cty TNHH Lotte Viet Nam,,Y
478,3524289,10023,111-Cty Ajinomoto Bien Hoa ,,Y
479,3524413,11773,110-CTy CP SX Nhua Duy Tan,x,N
480,3524414,11773,110-CTy CP SX Nhua Duy Tan,x,N
481,3524415,11773,110-CTy CP SX Nhua Duy Tan,x,N
482,3524416,11773,110-CTy CP SX Nhua Duy Tan,x,N
483,3524461,20536,100-CTYTNHH THIET BI YTE HA TRAN-NR,,Y
484,3524462,20536,100-CTYTNHH THIET BI YTE HA TRAN-NR,x,N
485,3040978,11841,130-Cty TNHH Saigon Ve Wong,,Y
486,3040979,11841,130-Cty TNHH Saigon Ve Wong,,Y
487,3040982,11841,130-Cty TNHH Saigon Ve Wong,,Y
488,3040983,11841,130-Cty TNHH Saigon Ve Wong,,Y
489,3040988,11841,130-Cty TNHH Saigon Ve Wong,,Y
490,3255354,20846,111-Cty Co Phan Tap Doan KIDO ,,Y
491,3311633,10985,100-Cty TM&PT Cong Nghe Kolend,x,N
492,3311748,16964,100-CTy TNHH Tan Hop Thanh,x,N
493,3312777,11773,110-CTy CP SX Nhua Duy Tan,x,N
494,3312779,11773,110-CTy CP SX Nhua Duy Tan,x,N
495,3312780,11773,110-CTy CP SX Nhua Duy Tan,x,N
496,3312942,20846,111-Cty Co Phan Tap Doan KIDO ,,Y
497,3356098,15506,111-Cty Bot giat LIX-NR,,Y
498,3356101,15506,111-Cty Bot giat LIX-NR,,Y
499,3356234,10023,111-Cty Ajinomoto Bien Hoa ,,Y
500,3458930,11773,110-CTy CP SX Nhua Duy Tan,x,N
501,3459106,19939,100-Cty TNHH Muoi Thanh Phat-NR,,Y
502,3446423,11773,110-CTy CP SX Nhua Duy Tan,,Y
503,3446427,11773,110-CTy CP SX Nhua Duy Tan,x,N
504,3446824,20846,111-Cty Co Phan Tap Doan KIDO ,,Y
505,3081035,11773,110-CTy CP SX Nhua Duy Tan,,Y
506,3468909,12320,111-Cty TNHH MTV TNI,,Y
507,3556424,11773,110-CTy CP SX Nhua Duy Tan,x,N
508,3535085,15208,100-CN CT CP GiaDung GOLDSUN(TP.HN),x,N
509,3556030,11773,110-CTy CP SX Nhua Duy Tan,x,N
510,3150386,11119,110-Cty TNHH Lotte Viet Nam,,Y
511,3192268,16760,110-Cua Hang Hue Lam,x,N
512,3192836,10023,111-Cty Ajinomoto Bien Hoa ,,Y
513,3392119,11011,100-CT TNHH SX Do Gia DungElmich-NR,x,N
514,3392121,11011,100-CT TNHH SX Do Gia DungElmich-NR,,Y
515,3392948,11773,110-CTy CP SX Nhua Duy Tan,,Y
516,3392949,11773,110-CTy CP SX Nhua Duy Tan,x,N
517,3392951,11773,110-CTy CP SX Nhua Duy Tan,x,N
518,3494751,12547,131-Cty CP Uniben,,Y
519,3286741,10023,111-Cty Ajinomoto Bien Hoa ,,Y
520,3371132,10985,100-Cty TM&PT Cong Nghe Kolend,x,N
521,3477798,18833,100-Cong ty CP TD Kim Duc -NR,x,N
522,3477799,18833,100-Cong ty CP TD Kim Duc -NR,,Y
523,3477800,18833,100-Cong ty CP TD Kim Duc -NR,,Y
524,3084503,15348,130-CTY CP SX Tra Hung Phat,,Y
525,3084504,15348,130-CTY CP SX Tra Hung Phat,,Y
526,3365210,11119,110-Cty TNHH Lotte Viet Nam,,Y
527,3365211,11119,110-Cty TNHH Lotte Viet Nam,,Y
528,3473446,17559,110-CONG TY TNHH NTPM(VIET NAM)-NR,,Y
529,3473447,18833,100-Cong ty CP TD Kim Duc -NR,x,N
530,3276842,11119,110-Cty TNHH Lotte Viet Nam,,Y
531,3276843,11119,110-Cty TNHH Lotte Viet Nam,,Y
532,3277949,15506,111-Cty Bot giat LIX-NR,,Y
533,3277950,15506,111-Cty Bot giat LIX-NR,,Y
534,3278389,16701,100-Cty CPTP Binh Tay-NR,,Y
535,3278390,16701,100-Cty CPTP Binh Tay-NR,,Y
536,3278393,20944,111-Cty TNHH Luong Thuc Angimex-NR,,Y
537,3278394,20944,111-Cty TNHH Luong Thuc Angimex-NR,,Y
538,3364612,16964,100-CTy TNHH Tan Hop Thanh,x,N
539,3365055,20944,111-Cty TNHH Luong Thuc Angimex-NR,,Y
540,3455364,11773,110-CTy CP SX Nhua Duy Tan,x,N
541,3455946,11011,100-CT TNHH SX Do Gia DungElmich-NR,,Y
542,3455948,17666,100-Cty CP SXTM Tai Tai-NR,,Y
543,3406659,16964,100-CTy TNHH Tan Hop Thanh,x,N
544,3406717,11773,110-CTy CP SX Nhua Duy Tan,,Y
545,3406719,11773,110-CTy CP SX Nhua Duy Tan,x,N
546,3406721,11773,110-CTy CP SX Nhua Duy Tan,x,N
547,3406723,11773,110-CTy CP SX Nhua Duy Tan,x,N
548,3501642,20484,100-CTYCP DUOC PHAM&SINH HOC YTE-NR,,Y
549,3510697,20734,100-Cty CP Dau Tu Hai Thien Minh-NR,,Y
550,3510698,20734,100-Cty CP Dau Tu Hai Thien Minh-NR,,Y
551,3510699,20734,100-Cty CP Dau Tu Hai Thien Minh-NR,,Y
552,3510700,20734,100-Cty CP Dau Tu Hai Thien Minh-NR,,Y
553,3175364,20142,111-Cty TNHH Wilmar Mar.CLV-Sua ,,Y
554,3403158,12547,131-Cty CP Uniben,,Y
555,3403160,12547,131-Cty CP Uniben,,Y
556,3403162,12547,131-Cty CP Uniben,,Y
557,3413710,12320,111-Cty TNHH MTV TNI,,Y
558,3413711,12320,111-Cty TNHH MTV TNI,,Y
559,3413712,12320,111-Cty TNHH MTV TNI,,Y
560,3507585,11773,110-CTy CP SX Nhua Duy Tan,x,N
561,3419604,11773,110-CTy CP SX Nhua Duy Tan,x,N
562,3422258,11773,110-CTy CP SX Nhua Duy Tan,,Y
563,3422250,11773,110-CTy CP SX Nhua Duy Tan,x,N
564,3519233,11773,110-CTy CP SX Nhua Duy Tan,x,N
565,3541455,15800,110-Cty TNHH 1TV Tri Hoi,x,N
566,3392950,11773,110-CTy CP SX Nhua Duy Tan,,Y
567,3517502,11773,110-CTy CP SX Nhua Duy Tan,x,N
568,3390756,11773,110-CTy CP SX Nhua Duy Tan,,Y
569,3476197,11773,110-CTy CP SX Nhua Duy Tan,,Y
570,3011823,11773,110-CTy CP SX Nhua Duy Tan,x,N
571,3509235,11773,110-CTy CP SX Nhua Duy Tan,,Y
572,3438240,11773,110-CTy CP SX Nhua Duy Tan,x,N
573,3436536,11773,110-CTy CP SX Nhua Duy Tan,,Y
574,3434404,11773,110-CTy CP SX Nhua Duy Tan,,Y
575,3552975,11773,110-CTy CP SX Nhua Duy Tan,x,N
576,3368152,11773,110-CTy CP SX Nhua Duy Tan,x,N
577,3537737,15208,100-CN CT CP GiaDung GOLDSUN(TP.HN),x,N
578,3548188,11773,110-CTy CP SX Nhua Duy Tan,x,N
579,3548189,11773,110-CTy CP SX Nhua Duy Tan,x,N
580,3548191,11773,110-CTy CP SX Nhua Duy Tan,x,N
581,3555041,11773,110-CTy CP SX Nhua Duy Tan,x,N
582,3448563,11773,110-CTy CP SX Nhua Duy Tan,,Y
583,3555042,11773,110-CTy CP SX Nhua Duy Tan,x,N
584,3546767,11773,110-CTy CP SX Nhua Duy Tan,x,N
585,3555040,11773,110-CTy CP SX Nhua Duy Tan,,Y
586,3503276,11773,110-CTy CP SX Nhua Duy Tan,x,N
587,3503277,11773,110-CTy CP SX Nhua Duy Tan,x,N
588,3419131,11773,110-CTy CP SX Nhua Duy Tan,x,N
589,3422582,11773,110-CTy CP SX Nhua Duy Tan,,Y
590,3553316,20779,111-CTyTNHH WILMAR MARKETING CLV-HP,x,N
591,3490338,11773,110-CTy CP SX Nhua Duy Tan,,Y
592,3312781,11773,110-CTy CP SX Nhua Duy Tan,x,N
593,3342478,11773,110-CTy CP SX Nhua Duy Tan,x,N
594,3550806,15208,100-CN CT CP GiaDung GOLDSUN(TP.HN),x,N
595,3065101,11773,110-CTy CP SX Nhua Duy Tan,x,N
596,3065131,11773,110-CTy CP SX Nhua Duy Tan,,Y
597,3269076,16506,110-CTyTNHHSXTMDVDaiPhuocThanh-NR,,Y
598,3271310,16760,110-Cua Hang Hue Lam,x,N
599,3318852,11119,110-Cty TNHH Lotte Viet Nam,,Y
600,3320019,15506,111-Cty Bot giat LIX-NR,,Y
601,3360436,19219,130-Cty TNHH Nabati Viet Nam,,Y
602,3361960,11119,110-Cty TNHH Lotte Viet Nam,,Y
603,3532867,10023,111-Cty Ajinomoto Bien Hoa ,,Y
604,3533214,11773,110-CTy CP SX Nhua Duy Tan,x,N
605,3533215,11773,110-CTy CP SX Nhua Duy Tan,x,N
606,3533269,20846,111-Cty Co Phan Tap Doan KIDO ,,Y
607,3533840,20846,111-Cty Co Phan Tap Doan KIDO ,,Y
608,3534020,15208,100-CN CT CP GiaDung GOLDSUN(TP.HN),x,N
609,3535084,15208,100-CN CT CP GiaDung GOLDSUN(TP.HN),x,N
610,3535595,11773,110-CTy CP SX Nhua Duy Tan,x,N
611,3535596,11773,110-CTy CP SX Nhua Duy Tan,x,N
612,3535608,15208,100-CN CT CP GiaDung GOLDSUN(TP.HN),x,N
613,3535759,21076,110-Cong Ty TNHH SALACOS -NR,,Y
614,3535760,21076,110-Cong Ty TNHH SALACOS -NR,,Y
615,3535761,21076,110-Cong Ty TNHH SALACOS -NR,,Y
616,3536326,10023,111-Cty Ajinomoto Bien Hoa ,,Y
617,3536397,11773,110-CTy CP SX Nhua Duy Tan,x,N
618,3536398,11773,110-CTy CP SX Nhua Duy Tan,,Y
619,3536399,11773,110-CTy CP SX Nhua Duy Tan,x,N
620,3536400,11773,110-CTy CP SX Nhua Duy Tan,x,N
621,3536484,15208,100-CN CT CP GiaDung GOLDSUN(TP.HN),x,N
622,3536485,15208,100-CN CT CP GiaDung GOLDSUN(TP.HN),x,N
623,3536486,15208,100-CN CT CP GiaDung GOLDSUN(TP.HN),x,N
624,3537271,17733,100-CTY TNHH SX& XD TMDVXNK VINA-NR,,Y
625,3126487,10023,111-Cty Ajinomoto Bien Hoa ,,Y
626,3168725,11773,110-CTy CP SX Nhua Duy Tan,x,N
627,3168726,11773,110-CTy CP SX Nhua Duy Tan,x,N
628,3168727,11773,110-CTy CP SX Nhua Duy Tan,,Y
629,3168728,11773,110-CTy CP SX Nhua Duy Tan,x,N
630,3168729,11773,110-CTy CP SX Nhua Duy Tan,,Y
631,3168730,11773,110-CTy CP SX Nhua Duy Tan,,Y
632,3168732,11773,110-CTy CP SX Nhua Duy Tan,x,N
633,3384314,15800,110-Cty TNHH 1TV Tri Hoi,x,N
634,3384346,19219,130-Cty TNHH Nabati Viet Nam,,Y
635,3384347,19219,130-Cty TNHH Nabati Viet Nam,,Y
636,3490335,11773,110-CTy CP SX Nhua Duy Tan,x,N
637,3490337,11773,110-CTy CP SX Nhua Duy Tan,x,N
638,3437745,15506,111-Cty Bot giat LIX-NR,,Y
639,3437747,20846,111-Cty Co Phan Tap Doan KIDO ,,Y
640,3437748,15506,111-Cty Bot giat LIX-NR,,Y
641,3437749,15506,111-Cty Bot giat LIX-NR,,Y
642,3437750,15506,111-Cty Bot giat LIX-NR,x,N
643,3509078,15348,130-CTY CP SX Tra Hung Phat,,Y
644,3518674,15208,100-CN CT CP GiaDung GOLDSUN(TP.HN),x,N
645,3518677,15208,100-CN CT CP GiaDung GOLDSUN(TP.HN),x,N
646,3518681,11773,110-CTy CP SX Nhua Duy Tan,x,N
647,3518682,11773,110-CTy CP SX Nhua Duy Tan,x,N
648,3518688,11773,110-CTy CP SX Nhua Duy Tan,,Y
649,3519042,20812,100-Cty CP TP ThNhien King Green-NR,,Y
650,3519043,20812,100-Cty CP TP ThNhien King Green-NR,,Y
651,3519044,20812,100-Cty CP TP ThNhien King Green-NR,,Y
652,3519045,20812,100-Cty CP TP ThNhien King Green-NR,,Y
653,3519231,11773,110-CTy CP SX Nhua Duy Tan,x,N
654,3519232,11773,110-CTy CP SX Nhua Duy Tan,x,N
655,3557778,15208,100-CN CT CP GiaDung GOLDSUN(TP.HN),x,N
656,3307987,12989,100-CTY TNHH SAMRAN,x,N
657,3352387,19219,130-Cty TNHH Nabati Viet Nam,,Y
658,3352971,16964,100-CTy TNHH Tan Hop Thanh,x,N
659,3352974,16964,100-CTy TNHH Tan Hop Thanh,x,N
660,3352990,11119,110-Cty TNHH Lotte Viet Nam,,Y
661,3450259,11773,110-CTy CP SX Nhua Duy Tan,x,N
662,3450271,11773,110-CTy CP SX Nhua Duy Tan,,Y
663,3450830,20846,111-Cty Co Phan Tap Doan KIDO ,,Y
664,3362388,11773,110-CTy CP SX Nhua Duy Tan,,Y
665,3454990,17638,100-Cty CP TP Va Do Uong Vinatea-NR,,Y
666,3454991,17638,100-Cty CP TP Va Do Uong Vinatea-NR,,Y
667,3454992,17638,100-Cty CP TP Va Do Uong Vinatea-NR,,Y
668,3454993,17638,100-Cty CP TP Va Do Uong Vinatea-NR,,Y
669,3454994,17639,100-Cty TNHH Eikodo Viet Nam-NR,,Y
670,3454995,17639,100-Cty TNHH Eikodo Viet Nam-NR,,Y
671,3454996,17639,100-Cty TNHH Eikodo Viet Nam-NR,,Y
672,3454997,17639,100-Cty TNHH Eikodo Viet Nam-NR,,Y
673,3525067,21076,110-Cong Ty TNHH SALACOS -NR,,Y
674,3525068,21076,110-Cong Ty TNHH SALACOS -NR,,Y
675,3525069,21076,110-Cong Ty TNHH SALACOS -NR,,Y
676,3525114,17733,100-CTY TNHH SX& XD TMDVXNK VINA-NR,x,N
677,3525115,17733,100-CTY TNHH SX& XD TMDVXNK VINA-NR,x,N
678,3525116,20484,100-CTYCP DUOC PHAM&SINH HOC YTE-NR,,Y
679,3525167,20812,100-Cty CP TP ThNhien King Green-NR,,Y
680,3527979,17559,110-CONG TY TNHH NTPM(VIET NAM)-NR,,Y
681,3527980,17733,100-CTY TNHH SX& XD TMDVXNK VINA-NR,,Y
682,3011821,11773,110-CTy CP SX Nhua Duy Tan,,Y
683,3011822,11773,110-CTy CP SX Nhua Duy Tan,,Y
684,3012259,11773,110-CTy CP SX Nhua Duy Tan,,Y
685,3012260,11773,110-CTy CP SX Nhua Duy Tan,,Y
686,3012311,11773,110-CTy CP SX Nhua Duy Tan,x,N
687,3244892,14337,130-Cty TNHH VINH TIEN,,Y
688,3246587,12989,100-CTY TNHH SAMRAN,x,N
689,3281313,11773,110-CTy CP SX Nhua Duy Tan,x,N
690,3281318,11773,110-CTy CP SX Nhua Duy Tan,x,N
691,3281320,11773,110-CTy CP SX Nhua Duy Tan,x,N
692,3281321,11773,110-CTy CP SX Nhua Duy Tan,,Y
693,3281511,11773,110-CTy CP SX Nhua Duy Tan,,Y
694,3282513,15506,111-Cty Bot giat LIX-NR,,Y
695,3282731,10023,111-Cty Ajinomoto Bien Hoa ,,Y
696,3282735,16760,110-Cua Hang Hue Lam,,Y
697,3282736,16760,110-Cua Hang Hue Lam,,Y
698,3282737,16760,110-Cua Hang Hue Lam,x,N
699,3282933,11773,110-CTy CP SX Nhua Duy Tan,x,N
700,3328714,11773,110-CTy CP SX Nhua Duy Tan,x,N
701,3509253,11773,110-CTy CP SX Nhua Duy Tan,x,N
702,3113220,20142,111-Cty TNHH Wilmar Mar.CLV-Sua ,,Y
703,3113222,20142,111-Cty TNHH Wilmar Mar.CLV-Sua ,,Y
704,3378042,16964,100-CTy TNHH Tan Hop Thanh,x,N
705,3466390,20846,111-Cty Co Phan Tap Doan KIDO ,,Y
706,3466392,15790,110-CTy CP HMP My Hao,x,N
707,3467305,15790,110-CTy CP HMP My Hao,x,N
708,3467853,10023,111-Cty Ajinomoto Bien Hoa ,,Y
709,3214107,10023,111-Cty Ajinomoto Bien Hoa ,,Y
710,3216135,10023,111-Cty Ajinomoto Bien Hoa ,,Y
711,3217101,15506,111-Cty Bot giat LIX-NR,,Y
712,3217105,15506,111-Cty Bot giat LIX-NR,,Y
713,3217598,12547,131-Cty CP Uniben,,Y
714,3217698,11777,100-CT CP Nhua Rang Dong Long An-NR,,Y
715,3451265,12320,111-Cty TNHH MTV TNI,,Y
716,3110820,15790,110-CTy CP HMP My Hao,,Y
717,3110821,15790,110-CTy CP HMP My Hao,,Y
718,3336962,16964,100-CTy TNHH Tan Hop Thanh,x,N
719,3336963,16964,100-CTy TNHH Tan Hop Thanh,x,N
720,3337528,11119,110-Cty TNHH Lotte Viet Nam,,Y
721,3377186,10023,111-Cty Ajinomoto Bien Hoa ,,Y
722,3460722,11773,110-CTy CP SX Nhua Duy Tan,x,N
723,3460723,11773,110-CTy CP SX Nhua Duy Tan,x,N
724,3463138,15790,110-CTy CP HMP My Hao,x,N
725,3463139,15790,110-CTy CP HMP My Hao,x,N
726,3463140,15790,110-CTy CP HMP My Hao,x,N
727,3463141,15790,110-CTy CP HMP My Hao,x,N
728,3463142,15790,110-CTy CP HMP My Hao,x,N
729,3463143,15790,110-CTy CP HMP My Hao,x,N
730,3463144,15790,110-CTy CP HMP My Hao,x,N
731,3463145,15790,110-CTy CP HMP My Hao,x,N
732,3400317,11773,110-CTy CP SX Nhua Duy Tan,x,N
733,3400318,11773,110-CTy CP SX Nhua Duy Tan,x,N
734,3400319,11773,110-CTy CP SX Nhua Duy Tan,x,N
735,3400708,11119,110-Cty TNHH Lotte Viet Nam,,Y
736,3401492,10023,111-Cty Ajinomoto Bien Hoa ,,Y
737,3401493,10023,111-Cty Ajinomoto Bien Hoa ,,Y
738,3401494,10023,111-Cty Ajinomoto Bien Hoa ,,Y
739,3413586,11773,110-CTy CP SX Nhua Duy Tan,x,N
740,3422157,12320,111-Cty TNHH MTV TNI,,Y
741,3422161,12320,111-Cty TNHH MTV TNI,,Y
742,3422249,11773,110-CTy CP SX Nhua Duy Tan,x,N
743,3422251,11773,110-CTy CP SX Nhua Duy Tan,x,N
744,3422252,11773,110-CTy CP SX Nhua Duy Tan,x,N
745,3422259,11773,110-CTy CP SX Nhua Duy Tan,,Y
746,3422432,16506,110-CTyTNHHSXTMDVDaiPhuocThanh-NR,,Y
747,3422473,11773,110-CTy CP SX Nhua Duy Tan,,Y
748,3422474,11773,110-CTy CP SX Nhua Duy Tan,x,N
749,3422581,11773,110-CTy CP SX Nhua Duy Tan,x,N
750,3422583,11773,110-CTy CP SX Nhua Duy Tan,x,N
751,3542948,16964,100-CTy TNHH Tan Hop Thanh,x,N
752,3542951,16964,100-CTy TNHH Tan Hop Thanh,x,N
753,3543334,15208,100-CN CT CP GiaDung GOLDSUN(TP.HN),x,N
754,3543871,11773,110-CTy CP SX Nhua Duy Tan,x,N
755,3543872,11773,110-CTy CP SX Nhua Duy Tan,,Y
756,3007093,15790,110-CTy CP HMP My Hao,x,N
757,3290133,10023,111-Cty Ajinomoto Bien Hoa ,,Y
758,3290134,10023,111-Cty Ajinomoto Bien Hoa ,,Y
759,3298228,20846,111-Cty Co Phan Tap Doan KIDO ,,Y
760,3298487,16964,100-CTy TNHH Tan Hop Thanh,x,N
761,3298488,16964,100-CTy TNHH Tan Hop Thanh,x,N
762,3298489,16964,100-CTy TNHH Tan Hop Thanh,x,N
763,3300069,12989,100-CTY TNHH SAMRAN,x,N
764,3300070,11773,110-CTy CP SX Nhua Duy Tan,x,N
765,3300071,11773,110-CTy CP SX Nhua Duy Tan,,Y
766,3345933,10023,111-Cty Ajinomoto Bien Hoa ,,Y
767,3447980,20846,111-Cty Co Phan Tap Doan KIDO ,,Y
768,3229501,10023,111-Cty Ajinomoto Bien Hoa ,,Y
769,3231570,10023,111-Cty Ajinomoto Bien Hoa ,,Y
770,3232249,21018,100-Congty CP Phuc Long Heritage-NR,,Y
771,3232250,21018,100-Congty CP Phuc Long Heritage-NR,,Y
772,3296686,15506,111-Cty Bot giat LIX-NR,x,N
773,3341299,19939,100-Cty TNHH Muoi Thanh Phat-NR,,Y
774,3342477,11773,110-CTy CP SX Nhua Duy Tan,,Y
775,3342479,11773,110-CTy CP SX Nhua Duy Tan,x,N
776,3343026,16964,100-CTy TNHH Tan Hop Thanh,x,N
777,3343029,16964,100-CTy TNHH Tan Hop Thanh,x,N
778,3343030,16964,100-CTy TNHH Tan Hop Thanh,x,N
779,3343031,16964,100-CTy TNHH Tan Hop Thanh,x,N
780,3343735,15506,111-Cty Bot giat LIX-NR,,Y
781,3344279,11773,110-CTy CP SX Nhua Duy Tan,x,N
782,3344291,16964,100-CTy TNHH Tan Hop Thanh,x,N
783,3544249,11773,110-CTy CP SX Nhua Duy Tan,x,N
784,3545124,11773,110-CTy CP SX Nhua Duy Tan,x,N
785,3545291,16760,110-Cua Hang Hue Lam,x,N
786,3545693,11119,110-Cty TNHH Lotte Viet Nam,,Y
787,3546388,11773,110-CTy CP SX Nhua Duy Tan,x,N
788,3546389,11773,110-CTy CP SX Nhua Duy Tan,x,N
789,3546390,11773,110-CTy CP SX Nhua Duy Tan,x,N
790,3546391,11773,110-CTy CP SX Nhua Duy Tan,x,N
791,3547498,11773,110-CTy CP SX Nhua Duy Tan,x,N
792,3547499,11773,110-CTy CP SX Nhua Duy Tan,x,N
793,3547500,11773,110-CTy CP SX Nhua Duy Tan,x,N
794,3547501,11773,110-CTy CP SX Nhua Duy Tan,x,N
795,3548190,11773,110-CTy CP SX Nhua Duy Tan,x,N
796,3201689,11119,110-Cty TNHH Lotte Viet Nam,,Y
797,3205668,11119,110-Cty TNHH Lotte Viet Nam,,Y
798,3409368,11773,110-CTy CP SX Nhua Duy Tan,,Y
799,3409369,11773,110-CTy CP SX Nhua Duy Tan,x,N
800,3419129,11773,110-CTy CP SX Nhua Duy Tan,x,N
801,3419602,11773,110-CTy CP SX Nhua Duy Tan,x,N
802,3419603,11773,110-CTy CP SX Nhua Duy Tan,x,N
803,3419605,11773,110-CTy CP SX Nhua Duy Tan,x,N
804,3504123,15208,100-CN CT CP GiaDung GOLDSUN(TP.HN),x,N
805,3504124,15208,100-CN CT CP GiaDung GOLDSUN(TP.HN),x,N
806,3537640,20536,100-CTYTNHH THIET BI YTE HA TRAN-NR,x,N
807,3537715,15208,100-CN CT CP GiaDung GOLDSUN(TP.HN),x,N
808,3538108,19219,130-Cty TNHH Nabati Viet Nam,,Y
809,3538420,15208,100-CN CT CP GiaDung GOLDSUN(TP.HN),x,N
810,3538565,11773,110-CTy CP SX Nhua Duy Tan,x,N
811,3538566,11773,110-CTy CP SX Nhua Duy Tan,,Y
812,3538567,11773,110-CTy CP SX Nhua Duy Tan,,Y
813,3538568,11773,110-CTy CP SX Nhua Duy Tan,x,N
814,3538569,11773,110-CTy CP SX Nhua Duy Tan,,Y
815,3538570,11773,110-CTy CP SX Nhua Duy Tan,x,N
816,3538571,11773,110-CTy CP SX Nhua Duy Tan,,Y
817,3538788,20779,111-CTyTNHH WILMAR MARKETING CLV-HP,x,N
818,3538789,20779,111-CTyTNHH WILMAR MARKETING CLV-HP,x,N
819,3538908,15208,100-CN CT CP GiaDung GOLDSUN(TP.HN),x,N
820,3540798,20888,100-Cty CP SX TM Nhua Hoang Chau-NR,,Y
821,3540979,20779,111-CTyTNHH WILMAR MARKETING CLV-HP,x,N
822,3540980,20779,111-CTyTNHH WILMAR MARKETING CLV-HP,x,N
823,3541385,11773,110-CTy CP SX Nhua Duy Tan,x,N
824,3541386,11773,110-CTy CP SX Nhua Duy Tan,x,N
825,3541387,11773,110-CTy CP SX Nhua Duy Tan,x,N
826,3541388,11773,110-CTy CP SX Nhua Duy Tan,x,N
827,3541389,11773,110-CTy CP SX Nhua Duy Tan,x,N
828,3541390,11773,110-CTy CP SX Nhua Duy Tan,x,N
829,3541391,11773,110-CTy CP SX Nhua Duy Tan,,Y
830,3541392,11773,110-CTy CP SX Nhua Duy Tan,x,N
831,3541456,15800,110-Cty TNHH 1TV Tri Hoi,x,N
832,3541457,15800,110-Cty TNHH 1TV Tri Hoi,x,N
833,3541458,15800,110-Cty TNHH 1TV Tri Hoi,x,N
834,3541461,15800,110-Cty TNHH 1TV Tri Hoi,x,N
835,3541462,15800,110-Cty TNHH 1TV Tri Hoi,x,N
836,3541467,15208,100-CN CT CP GiaDung GOLDSUN(TP.HN),x,N
837,3541546,11773,110-CTy CP SX Nhua Duy Tan,x,N
838,3541547,11773,110-CTy CP SX Nhua Duy Tan,,Y
839,3541924,11773,110-CTy CP SX Nhua Duy Tan,x,N
840,3541939,11773,110-CTy CP SX Nhua Duy Tan,,Y
841,3541940,11773,110-CTy CP SX Nhua Duy Tan,x,N
842,3541941,11773,110-CTy CP SX Nhua Duy Tan,x,N
843,3196362,15800,110-Cty TNHH 1TV Tri Hoi,x,N
844,3196363,15800,110-Cty TNHH 1TV Tri Hoi,x,N
845,3196365,15800,110-Cty TNHH 1TV Tri Hoi,x,N
846,3196368,15800,110-Cty TNHH 1TV Tri Hoi,x,N
847,3196370,15800,110-Cty TNHH 1TV Tri Hoi,x,N
848,3199340,12547,131-Cty CP Uniben,,Y
849,3199341,12547,131-Cty CP Uniben,,Y
850,3199342,12547,131-Cty CP Uniben,,Y
851,3199550,11119,110-Cty TNHH Lotte Viet Nam,,Y
852,3407767,11773,110-CTy CP SX Nhua Duy Tan,x,N
853,3408152,19219,130-Cty TNHH Nabati Viet Nam,,Y
854,3408174,15506,111-Cty Bot giat LIX-NR,,Y
855,3408176,15506,111-Cty Bot giat LIX-NR,,Y
856,3495684,11119,110-Cty TNHH Lotte Viet Nam,,Y
857,3502829,11119,110-Cty TNHH Lotte Viet Nam,,Y
858,3503165,16760,110-Cua Hang Hue Lam,,Y
859,3503221,10023,111-Cty Ajinomoto Bien Hoa ,,Y
860,3503267,17639,100-Cty TNHH Eikodo Viet Nam-NR,,Y
861,3503301,20536,100-CTYTNHH THIET BI YTE HA TRAN-NR,,Y
862,3503302,20536,100-CTYTNHH THIET BI YTE HA TRAN-NR,x,N
863,3503303,20536,100-CTYTNHH THIET BI YTE HA TRAN-NR,,Y
